name,economy (mpg),cylinders,displacement (cc),power (hp),weight (lb),0-60 mph (s),year,Filler
AMC Ambassador Brougham,0.278969957,1,0.791208791,0.760869565,0.743385214,0.443548387,0.890243902,0.278969957
AMC Ambassador DPL,0.321888412,1,0.857142857,0.826086957,0.749027237,0.342741935,0.853658537,0.321888412
AMC Ambassador SST,0.364806867,1,0.668131868,0.652173913,0.714396887,0.463709677,0.87804878,0.364806867
AMC Concord DL 6,0.433476395,0.75,0.50989011,0.391304348,0.635214008,0.733870968,0.963414634,0.433476395
AMC Concord DL,0.388412017,0.75,0.567032967,0.52173913,0.663424125,0.608870968,0.951219512,0.388412017
AMC Concord DL,0.493562232,0.5,0.331868132,0.15,0.590466926,0.826612903,1,0.493562232
AMC Concord,0.416309013,0.75,0.50989011,0.391304348,0.624513619,0.693548387,0.951219512,0.416309013
AMC Concord,0.521459227,0.5,0.331868132,0.391304348,0.584241245,0.810483871,0.975609756,0.521459227
AMC Gremlin,0.386266094,0.75,0.50989011,0.434782609,0.542607004,0.60483871,0.890243902,0.386266094
AMC Gremlin,0.407725322,0.75,0.50989011,0.434782609,0.512451362,0.524193548,0.865853659,0.407725322
AMC Gremlin,0.429184549,0.75,0.50989011,0.434782609,0.56692607,0.64516129,0.914634146,0.429184549
AMC Gremlin,0.450643777,0.75,0.437362637,0.391304348,0.515175097,0.60483871,0.853658537,0.450643777
AMC Hornet Sportabout (Wagon),0.386266094,0.75,0.567032967,0.47826087,0.576264591,0.544354839,0.865853659,0.386266094
AMC Hornet,0.386266094,0.75,0.437362637,0.42173913,0.539688716,0.625,0.853658537,0.386266094
AMC Hornet,0.386266094,0.75,0.50989011,0.434782609,0.572957198,0.64516129,0.890243902,0.386266094
AMC Hornet,0.407725322,0.75,0.50989011,0.434782609,0.564396887,0.64516129,0.902439024,0.407725322
AMC Hornet,0.482832618,0.75,0.50989011,0.391304348,0.600194553,0.709677419,0.926829268,0.482832618
AMC Matador (Wagon),0.300429185,1,0.668131868,0.652173913,0.828210117,0.625,0.902439024,0.300429185
AMC Matador (Wagon),0.321888412,1,0.668131868,0.652173913,0.757198444,0.504032258,0.87804878,0.321888412
AMC Matador,0.300429185,1,0.668131868,0.652173913,0.714396887,0.463709677,0.890243902,0.300429185
AMC Matador,0.321888412,0.75,0.567032967,0.47826087,0.725680934,0.766129032,0.914634146,0.321888412
AMC Matador,0.332618026,1,0.668131868,0.52173913,0.770817121,0.560483871,0.926829268,0.332618026
AMC Matador,0.343347639,0.75,0.567032967,0.47826087,0.706614786,0.725806452,0.902439024,0.343347639
AMC Matador,0.386266094,0.75,0.50989011,0.434782609,0.639688716,0.625,0.865853659,0.386266094
AMC Pacer D/L,0.375536481,0.75,0.567032967,0.413043478,0.621206226,0.717741935,0.926829268,0.375536481
AMC Pacer,0.407725322,0.75,0.50989011,0.391304348,0.624708171,0.685483871,0.914634146,0.407725322
AMC Rebel SST (Wagon),0.15,1,0.791208791,0.760869565,0.749027237,0.443548387,0.853658537,0.15
AMC Rebel SST,0.343347639,1,0.668131868,0.652173913,0.667898833,0.483870968,0.853658537,0.343347639
AMC Spirit DL,0.587982833,0.5,0.265934066,0.347826087,0.519455253,0.60483871,0.963414634,0.587982833
Audi 100 LS,0.429184549,0.5,0.250549451,0.395652174,0.50233463,0.564516129,0.890243902,0.429184549
Audi 100 LS,0.493562232,0.5,0.252747253,0.413043478,0.524124514,0.60483871,0.914634146,0.493562232
Audi 100 LS,0.515021459,0.5,0.235164835,0.391304348,0.472762646,0.584677419,0.853658537,0.515021459
Audi 4000,0.736051502,0.5,0.213186813,0.339130435,0.425680934,0.637096774,0.975609756,0.736051502
Audi 5000,0.435622318,0.625,0.287912088,0.447826087,0.550583658,0.641129032,0.951219512,0.435622318
Audi 5000S (Diesel),0.78111588,0.625,0.265934066,0.291304348,0.573929961,0.802419355,0.975609756,0.78111588
Audi Fox,0.622317597,0.5,0.215384615,0.360869565,0.431712062,0.665322581,0.902439024,0.622317597
BMW 2002,0.557939914,0.5,0.265934066,0.491304348,0.43463035,0.504032258,0.853658537,0.557939914
BMW 320i,0.461373391,0.5,0.265934066,0.47826087,0.505836576,0.516129032,0.93902439,0.461373391
Buick Century 350,0.278969957,1,0.769230769,0.760869565,0.79766537,0.524193548,0.890243902,0.278969957
Buick Century Limited,0.536480687,0.75,0.397802198,0.47826087,0.572957198,0.661290323,1,0.536480687
Buick Century Luxus (Wagon),0.278969957,1,0.769230769,0.652173913,0.914202335,0.584677419,0.902439024,0.278969957
Buick Century Special,0.442060086,0.75,0.507692308,0.456521739,0.657587549,0.637096774,0.951219512,0.442060086
Buick Century,0.364806867,0.75,0.507692308,0.47826087,0.760116732,0.846774194,0.914634146,0.364806867
Buick Century,0.480686695,0.75,0.507692308,0.47826087,0.664396887,0.637096774,0.987804878,0.480686695
Buick Electra 225 Custom,0.25751073,1,1,0.97826087,0.963229572,0.443548387,0.890243902,0.25751073
Buick Estate Wagon (Wagon),0.300429185,1,1,0.97826087,0.600389105,0.403225806,0.853658537,0.300429185
Buick Estate Wagon (Wagon),0.362660944,1,0.769230769,0.673913043,0.848249027,0.600806452,0.963414634,0.362660944
Buick Lesabre Custom,0.278969957,1,0.769230769,0.673913043,0.875875486,0.544354839,0.87804878,0.278969957
Buick Opel Isuzu Deluxe,0.643776824,0.5,0.243956044,0.347826087,0.4192607,0.596774194,0.93902439,0.643776824
Buick Regal Sport Coupe (Turbo),0.379828326,0.75,0.507692308,0.717391304,0.670233463,0.540322581,0.951219512,0.379828326
Buick Skyhawk,0.450643777,0.75,0.507692308,0.47826087,0.591245136,0.60483871,0.914634146,0.450643777
Buick Skylark 320,0.321888412,1,0.769230769,0.717391304,0.71848249,0.463709677,0.853658537,0.321888412
Buick Skylark Limited,0.60944206,0.5,0.331868132,0.391304348,0.519455253,0.64516129,0.963414634,0.60944206
Buick Skylark,0.439914163,0.75,0.507692308,0.456521739,0.666342412,0.681451613,0.93902439,0.439914163
Buick Skylark,0.570815451,0.5,0.331868132,0.365217391,0.512645914,0.661290323,0.987804878,0.570815451
Cadillac Eldorado,0.493562232,1,0.769230769,0.543478261,0.758754864,0.701612903,0.963414634,0.493562232
Cadillac Seville,0.354077253,1,0.769230769,0.782608696,0.852140078,0.487903226,0.926829268,0.354077253
Chevroelt Chevelle Malibu,0.343347639,0.75,0.549450549,0.456521739,0.758171206,0.745967742,0.914634146,0.343347639
Chevrolet Bel Air,0.321888412,1,0.769230769,0.630434783,0.86381323,0.564516129,0.914634146,0.321888412
Chevrolet Camaro,0.579399142,0.5,0.331868132,0.391304348,0.573929961,0.697580645,1,0.579399142
Chevrolet Caprice Classic,0.278969957,1,0.879120879,0.652173913,0.86848249,0.483870968,0.890243902,0.278969957
Chevrolet Caprice Classic,0.364806867,1,0.67032967,0.565217391,0.747081712,0.620967742,0.963414634,0.364806867
Chevrolet Caprice Classic,0.375536481,1,0.67032967,0.630434783,0.754863813,0.504032258,0.93902439,0.375536481
Chevrolet Cavalier 2-Door,0.729613734,0.5,0.246153846,0.382608696,0.465953307,0.725806452,1,0.729613734
Chevrolet Cavalier Wagon,0.579399142,0.5,0.246153846,0.382608696,0.513618677,0.75,1,0.579399142
Chevrolet Cavalier,0.600858369,0.5,0.246153846,0.382608696,0.506809339,0.790322581,1,0.600858369
Chevrolet Chevelle Concours (Wagon),0.15,1,0.769230769,0.717391304,0.805836576,0.463709677,0.853658537,0.15
Chevrolet Chevelle Concours (Wagon),0.278969957,1,0.674725275,0.565217391,0.797276265,0.564516129,0.87804878,0.278969957
Chevrolet Chevelle Malibu Classic,0.343347639,0.75,0.549450549,0.434782609,0.735603113,0.685483871,0.902439024,0.343347639
Chevrolet Chevelle Malibu Classic,0.375536481,1,0.67032967,0.608695652,0.820038911,0.524193548,0.926829268,0.375536481
Chevrolet Chevelle Malibu,0.364806867,0.75,0.549450549,0.434782609,0.64766537,0.625,0.865853659,0.364806867
Chevrolet Chevelle Malibu,0.386266094,1,0.674725275,0.565217391,0.681712062,0.483870968,0.853658537,0.386266094
Chevrolet Chevette,0.622317597,0.5,0.186813187,0.226086957,0.395914397,0.89516129,0.926829268,0.622317597
Chevrolet Chevette,0.643776824,0.5,0.215384615,0.295652174,0.4192607,0.665322581,0.951219512,0.643776824
Chevrolet Chevette,0.654506438,0.5,0.215384615,0.273913043,0.399027237,0.685483871,0.93902439,0.654506438
Chevrolet Chevette,0.688841202,0.5,0.215384615,0.304347826,0.412451362,0.625,0.975609756,0.688841202
Chevrolet Citation,0.504291845,0.75,0.38021978,0.47826087,0.530155642,0.508064516,0.987804878,0.504291845
Chevrolet Citation,0.600858369,0.5,0.331868132,0.391304348,0.521011673,0.665322581,0.975609756,0.600858369
Chevrolet Citation,0.618025751,0.75,0.38021978,0.5,0.504863813,0.455645161,0.963414634,0.618025751
Chevrolet Concours,0.375536481,0.75,0.549450549,0.47826087,0.684824903,0.661290323,0.93902439,0.375536481
Chevrolet Impala,0.236051502,1,0.879120879,0.652173913,0.972178988,0.564516129,0.890243902,0.236051502
Chevrolet Impala,0.278969957,1,0.769230769,0.717391304,0.83151751,0.483870968,0.87804878,0.278969957
Chevrolet Impala,0.300429185,1,0.769230769,0.717391304,0.818871595,0.483870968,0.865853659,0.300429185
Chevrolet Impala,0.300429185,1,0.997802198,0.956521739,0.847081712,0.362903226,0.853658537,0.300429185
Chevrolet Malibu Classic (Wagon),0.412017167,1,0.586813187,0.543478261,0.701361868,0.60483871,0.963414634,0.412017167
Chevrolet Malibu,0.278969957,1,0.769230769,0.630434783,0.775875486,0.524193548,0.890243902,0.278969957
Chevrolet Malibu,0.439914163,0.75,0.43956044,0.413043478,0.61381323,0.733870968,0.951219512,0.439914163
Chevrolet Monte Carlo Landau,0.332618026,1,0.769230769,0.739130435,0.810311284,0.459677419,0.93902439,0.332618026
Chevrolet Monte Carlo Landau,0.412017167,1,0.67032967,0.630434783,0.666342412,0.532258065,0.951219512,0.412017167
Chevrolet Monte Carlo S,0.321888412,1,0.769230769,0.630434783,0.794163424,0.524193548,0.890243902,0.321888412
Chevrolet Monte Carlo,0.321888412,1,0.879120879,0.652173913,0.731712062,0.383064516,0.853658537,0.321888412
Chevrolet Monza 2+2,0.429184549,1,0.575824176,0.47826087,0.626653696,0.544354839,0.914634146,0.429184549
Chevrolet Nova Custom,0.343347639,0.75,0.549450549,0.434782609,0.637743191,0.725806452,0.890243902,0.343347639
Chevrolet Nova,0.321888412,0.75,0.549450549,0.434782609,0.649027237,0.685483871,0.902439024,0.321888412
Chevrolet Nova,0.386266094,0.75,0.549450549,0.456521739,0.672957198,0.64516129,0.914634146,0.386266094
Chevrolet Nova,0.472103004,0.75,0.549450549,0.456521739,0.65233463,0.584677419,0.926829268,0.472103004
Chevrolet Vega (Wagon),0.472103004,0.5,0.307692308,0.313043478,0.46848249,0.766129032,0.865853659,0.472103004
Chevrolet Vega 2300,0.600858369,0.5,0.307692308,0.391304348,0.440466926,0.625,0.865853659,0.600858369
Chevrolet Vega,0.429184549,0.5,0.307692308,0.391304348,0.46848249,0.786290323,0.87804878,0.429184549
Chevrolet Vega,0.450643777,0.5,0.307692308,0.313043478,0.467120623,0.786290323,0.890243902,0.450643777
Chevrolet Vega,0.536480687,0.5,0.307692308,0.326086957,0.494552529,0.685483871,0.902439024,0.536480687
Chevrolet Woody,0.525751073,0.5,0.215384615,0.260869565,0.421011673,0.891129032,0.926829268,0.525751073
Chevy C10,0.278969957,1,0.769230769,0.630434783,0.788910506,0.483870968,0.926829268,0.278969957
Chevy C20,0.214592275,1,0.674725275,0.869565217,0.851361868,0.60483871,0.853658537,0.214592275
Chevy S-10,0.665236052,0.5,0.261538462,0.356521739,0.529182879,0.782258065,1,0.665236052
Chrysler Cordoba,0.332618026,1,0.879120879,0.826086957,0.841439689,0.491935484,0.93902439,0.332618026
Chrysler Lebaron Medallion,0.557939914,0.5,0.342857143,0.4,0.502918288,0.584677419,1,0.557939914
Chrysler Lebaron Salon,0.377682403,0.75,0.494505495,0.369565217,0.674124514,0.669354839,0.987804878,0.377682403
Chrysler Lebaron Town & Country (Wagon),0.396995708,1,0.791208791,0.652173913,0.766536965,0.524193548,0.963414634,0.396995708
Chrysler New Yorker Brougham,0.278969957,1,0.967032967,0.934782609,0.921206226,0.443548387,0.890243902,0.278969957
Chrysler Newport Royal,0.278969957,1,0.879120879,0.826086957,0.860311284,0.504032258,0.87804878,0.278969957
Citroen DS-21 Pallas,0.15,0.5,0.292307692,0.5,0.601167315,0.705645161,0.853658537,0.15
Datsun 1200,0.751072961,0.5,0.158241758,0.3,0.31381323,0.725806452,0.865853659,0.751072961
Datsun 200SX,0.512875536,0.5,0.261538462,0.42173913,0.467898833,0.600806452,0.951219512,0.512875536
Datsun 200SX,0.706008584,0.5,0.261538462,0.434782609,0.508754864,0.596774194,0.987804878,0.706008584
Datsun 210,0.682403433,0.5,0.186813187,0.282608696,0.392996109,0.774193548,0.963414634,0.682403433
Datsun 210,0.793991416,0.5,0.186813187,0.282608696,0.384241245,0.782258065,0.987804878,0.793991416
Datsun 210,0.875536481,0.5,0.186813187,0.282608696,0.410505837,0.774193548,0.975609756,0.875536481
Datsun 280ZX,0.701716738,0.75,0.369230769,0.573913043,0.56614786,0.459677419,0.975609756,0.701716738
Datsun 310 GX,0.815450644,0.5,0.2,0.291304348,0.388132296,0.653225806,1,0.815450644
Datsun 310,0.798283262,0.5,0.189010989,0.282608696,0.392801556,0.661290323,0.975609756,0.798283262
Datsun 510 (Wagon),0.600858369,0.5,0.213186813,0.4,0.445136187,0.685483871,0.87804878,0.600858369
Datsun 510 Hatchback,0.793991416,0.5,0.261538462,0.4,0.473540856,0.60483871,0.975609756,0.793991416
Datsun 510,0.583690987,0.5,0.261538462,0.42173913,0.447470817,0.592741935,0.951219512,0.583690987
Datsun 610,0.472103004,0.5,0.237362637,0.408695652,0.462840467,0.665322581,0.890243902,0.472103004
Datsun 710,0.515021459,0.5,0.261538462,0.42173913,0.495136187,0.685483871,0.914634146,0.515021459
Datsun 710,0.686695279,0.5,0.182417582,0.265217391,0.389688716,0.766129032,0.902439024,0.686695279
Datsun 810 Maxima,0.519313305,0.75,0.320879121,0.52173913,0.570038911,0.556451613,0.987804878,0.519313305
Datsun 810,0.472103004,0.75,0.320879121,0.42173913,0.54766537,0.584677419,0.93902439,0.472103004
Datsun B-210,0.686695279,0.5,0.186813187,0.304347826,0.387159533,0.685483871,0.926829268,0.686695279
Datsun B210 GX,0.845493562,0.5,0.186813187,0.304347826,0.402723735,0.75,0.951219512,0.845493562
Datsun B210,0.665236052,0.5,0.173626374,0.291304348,0.379377432,0.766129032,0.902439024,0.665236052
Datsun F-10 Hatchback,0.71888412,0.5,0.186813187,0.304347826,0.378404669,0.677419355,0.93902439,0.71888412
Datsun PL510,0.579399142,0.5,0.213186813,0.382608696,0.414396887,0.584677419,0.853658537,0.579399142
Datsun PL510,0.579399142,0.5,0.213186813,0.382608696,0.414396887,0.584677419,0.865853659,0.579399142
Dodge Aries SE,0.622317597,0.5,0.296703297,0.365217391,0.491245136,0.64516129,1,0.622317597
Dodge Aries Wagon (Wagon),0.553648069,0.5,0.342857143,0.4,0.509727626,0.580645161,0.987804878,0.553648069
Dodge Aspen 6,0.442060086,0.75,0.494505495,0.47826087,0.653696498,0.669354839,0.963414634,0.442060086
Dodge Aspen SE,0.429184549,0.75,0.494505495,0.434782609,0.710311284,0.713709677,0.926829268,0.429184549
Dodge Aspen,0.399141631,0.75,0.494505495,0.47826087,0.704280156,0.754032258,0.951219512,0.399141631
Dodge Aspen,0.409871245,0.75,0.494505495,0.391304348,0.657782101,0.754032258,0.975609756,0.409871245
Dodge Challenger SE,0.321888412,1,0.841758242,0.739130435,0.693190661,0.403225806,0.853658537,0.321888412
Dodge Charger 2.2,0.772532189,0.5,0.296703297,0.365217391,0.461089494,0.524193548,1,0.772532189
Dodge Colt (Wagon),0.600858369,0.5,0.215384615,0.347826087,0.421011673,0.60483871,0.87804878,0.600858369
Dodge Colt Hardtop,0.536480687,0.5,0.214285714,0.347826087,0.413618677,0.685483871,0.87804878,0.536480687
Dodge Colt Hatchback Custom,0.766094421,0.5,0.215384615,0.347826087,0.372568093,0.580645161,0.963414634,0.766094421
Dodge Colt M/M,0.71888412,0.5,0.215384615,0.360869565,0.403696498,0.641129032,0.93902439,0.71888412
Dodge Colt,0.557939914,0.5,0.215384615,0.343478261,0.438715953,0.713709677,0.926829268,0.557939914
Dodge Colt,0.598712446,0.5,0.342857143,0.456521739,0.544747082,0.580645161,0.975609756,0.598712446
Dodge Colt,0.600858369,0.5,0.197802198,0.326086957,0.413424125,0.584677419,0.902439024,0.600858369
Dodge Coronet Brougham,0.343347639,1,0.698901099,0.652173913,0.815175097,0.524193548,0.926829268,0.343347639
Dodge Coronet Custom (Wagon),0.300429185,1,0.698901099,0.652173913,0.867120623,0.544354839,0.902439024,0.300429185
Dodge Coronet Custom,0.321888412,1,0.698901099,0.652173913,0.734824903,0.504032258,0.890243902,0.321888412
Dodge D100,0.278969957,1,0.698901099,0.652173913,0.730544747,0.564516129,0.926829268,0.278969957
Dodge D200,0.236051502,1,0.698901099,0.913043478,0.852529183,0.544354839,0.853658537,0.236051502
Dodge Dart Custom,0.321888412,1,0.698901099,0.652173913,0.661284047,0.443548387,0.890243902,0.321888412
Dodge Diplomat,0.416309013,1,0.698901099,0.608695652,0.726653696,0.532258065,0.951219512,0.416309013
Dodge Magnum XE,0.375536481,1,0.698901099,0.608695652,0.793774319,0.552419355,0.951219512,0.375536481
Dodge Monaco (Wagon),0.25751073,1,0.841758242,0.782608696,0.964007782,0.463709677,0.865853659,0.25751073
Dodge Monaco Brougham,0.332618026,1,0.698901099,0.630434783,0.805447471,0.552419355,0.93902439,0.332618026
Dodge Omni,0.663090129,0.5,0.230769231,0.326086957,0.43385214,0.584677419,0.951219512,0.663090129
Dodge Rampage,0.686695279,0.5,0.296703297,0.365217391,0.446498054,0.467741935,1,0.686695279
Dodge St. Regis,0.39055794,1,0.698901099,0.586956522,0.745136187,0.612903226,0.963414634,0.39055794
Fiat 124 Sport Coupe,0.557939914,0.5,0.215384615,0.391304348,0.440661479,0.625,0.890243902,0.557939914
Fiat 124 TC,0.557939914,0.5,0.254945055,0.326086957,0.436964981,0.564516129,0.902439024,0.557939914
Fiat 124B,0.643776824,0.5,0.193406593,0.330434783,0.401750973,0.584677419,0.865853659,0.643776824
Fiat 128,0.515021459,0.5,0.197802198,0.326086957,0.410116732,0.625,0.902439024,0.515021459
Fiat 128,0.622317597,0.5,0.149450549,0.213043478,0.363229572,0.786290323,0.890243902,0.622317597
Fiat 131,0.600858369,0.5,0.235164835,0.373913043,0.479377432,0.625,0.926829268,0.600858369
Fiat Strada Custom,0.800429185,0.5,0.2,0.3,0.414396887,0.592741935,0.963414634,0.800429185
Fiat X1.9,0.665236052,0.5,0.173626374,0.291304348,0.389105058,0.64516129,0.902439024,0.665236052
Ford Capri II,0.536480687,0.5,0.307692308,0.4,0.500389105,0.600806452,0.926829268,0.536480687
Ford Country Squire (Wagon),0.278969957,1,0.879120879,0.739130435,0.923346304,0.483870968,0.865853659,0.278969957
Ford Country Squire (Wagon),0.332618026,1,0.771428571,0.617391304,0.788715953,0.576612903,0.963414634,0.332618026
Ford Country,0.25751073,1,0.879120879,0.726086957,0.954474708,0.504032258,0.890243902,0.25751073
Ford Escort 2H,0.641630901,0.5,0.215384615,0.282608696,0.463035019,0.834677419,0.987804878,0.641630901
Ford Escort 4W,0.738197425,0.5,0.215384615,0.282608696,0.397859922,0.653225806,0.987804878,0.738197425
Ford F108,0.278969957,1,0.663736264,0.565217391,0.752918288,0.60483871,0.926829268,0.278969957
Ford F250,0.214592275,1,0.791208791,0.934782609,0.897859922,0.564516129,0.853658537,0.214592275
Ford Fairmont (Auto),0.433476395,0.75,0.43956044,0.369565217,0.576848249,0.637096774,0.951219512,0.433476395
Ford Fairmont (Man),0.538626609,0.5,0.307692308,0.382608696,0.529182879,0.620967742,0.951219512,0.538626609
Ford Fairmont 4,0.478540773,0.5,0.307692308,0.382608696,0.562256809,0.697580645,0.963414634,0.478540773
Ford Fairmont Futura,0.515021459,0.5,0.307692308,0.4,0.557392996,0.661290323,1,0.515021459
Ford Fairmont,0.566523605,0.5,0.307692308,0.382608696,0.558365759,0.72983871,0.975609756,0.566523605
Ford Fiesta,0.774678112,0.5,0.215384615,0.286956522,0.350194553,0.580645161,0.951219512,0.774678112
Ford Futura,0.388412017,1,0.663736264,0.604347826,0.623540856,0.451612903,0.951219512,0.388412017
Ford Galaxie 500,0.300429185,1,0.771428571,0.665217391,0.803307393,0.524193548,0.87804878,0.300429185
Ford Galaxie 500,0.300429185,1,0.771428571,0.665217391,0.808171206,0.544354839,0.865853659,0.300429185
Ford Galaxie 500,0.321888412,1,0.942857143,0.860869565,0.844552529,0.403225806,0.853658537,0.321888412
Ford Gran Torino (Wagon),0.278969957,1,0.663736264,0.608695652,0.83540856,0.64516129,0.87804878,0.278969957
Ford Gran Torino (Wagon),0.300429185,1,0.663736264,0.608695652,0.90233463,0.64516129,0.902439024,0.300429185
Ford Gran Torino,0.300429185,1,0.663736264,0.595652174,0.786381323,0.584677419,0.890243902,0.300429185
Ford Gran Torino,0.311158798,1,0.771428571,0.660869565,0.820038911,0.516129032,0.926829268,0.311158798
Ford Gran Torino,0.343347639,1,0.663736264,0.608695652,0.805642023,0.564516129,0.902439024,0.343347639
Ford Granada Ghia,0.386266094,0.75,0.549450549,0.339130435,0.695330739,0.846774194,0.926829268,0.386266094
Ford Granada GL,0.433476395,0.75,0.43956044,0.382608696,0.595330739,0.689516129,0.987804878,0.433476395
Ford Granada L,0.472103004,0.75,0.50989011,0.486956522,0.55155642,0.592741935,1,0.472103004
Ford Granada,0.396995708,0.75,0.549450549,0.426086957,0.685797665,0.766129032,0.93902439,0.396995708
Ford LTD Landau,0.377682403,1,0.663736264,0.560869565,0.724708171,0.540322581,0.963414634,0.377682403
Ford LTD,0.278969957,1,0.771428571,0.686956522,0.848832685,0.524193548,0.890243902,0.278969957
Ford LTD,0.300429185,1,0.771428571,0.643478261,0.906031128,0.544354839,0.914634146,0.300429185
Ford Maverick,0.321888412,0.75,0.549450549,0.313043478,0.614396887,0.786290323,0.914634146,0.321888412
Ford Maverick,0.386266094,0.75,0.549450549,0.382608696,0.587743191,0.665322581,0.890243902,0.386266094
Ford Maverick,0.450643777,0.75,0.43956044,0.15,0.559338521,0.685483871,0.902439024,0.450643777
Ford Maverick,0.450643777,0.75,0.43956044,0.369565217,0.503307393,0.64516129,0.853658537,0.450643777
Ford Maverick,0.515021459,0.75,0.43956044,0.352173913,0.585992218,0.709677419,0.926829268,0.515021459
Ford Mustang Boss 302,0.15,1,0.663736264,0.608695652,0.65233463,0.322580645,0.853658537,0.15
Ford Mustang Cobra,0.506437768,0.5,0.307692308,0.15,0.565175097,0.576612903,0.975609756,0.506437768
Ford Mustang GL,0.579399142,0.5,0.307692308,0.373913043,0.542801556,0.629032258,1,0.579399142
Ford Mustang II 2+2,0.5472103,0.5,0.307692308,0.386956522,0.535992218,0.637096774,0.93902439,0.5472103
Ford Mustang II,0.278969957,1,0.663736264,0.560869565,0.616536965,0.483870968,0.914634146,0.278969957
Ford Mustang,0.386266094,0.75,0.549450549,0.382608696,0.610700389,0.584677419,0.865853659,0.386266094
Ford Pinto (Wagon),0.472103004,0.5,0.268131868,0.373913043,0.465953307,0.64516129,0.87804878,0.472103004
Ford Pinto Runabout,0.450643777,0.5,0.268131868,0.373913043,0.43307393,0.665322581,0.87804878,0.450643777
Ford Pinto,0.386266094,0.75,0.375824176,0.42173913,0.580544747,0.584677419,0.914634146,0.386266094
Ford Pinto,0.407725322,0.5,0.268131868,0.369565217,0.449416342,0.745967742,0.890243902,0.407725322
Ford Pinto,0.493562232,0.5,0.307692308,0.360869565,0.513424125,0.685483871,0.914634146,0.493562232
Ford Pinto,0.536480687,0.5,0.215384615,0.15,0.398054475,0.766129032,0.865853659,0.536480687
Ford Pinto,0.557939914,0.5,0.268131868,0.347826087,0.476848249,0.665322581,0.902439024,0.557939914
Ford Pinto,0.568669528,0.5,0.307692308,0.313043478,0.499027237,0.548387097,0.926829268,0.568669528
Ford Ranger,0.600858369,0.5,0.263736264,0.343478261,0.510700389,0.75,1,0.600858369
Ford Thunderbird,0.343347639,1,0.771428571,0.647826087,0.843385214,0.584677419,0.93902439,0.343347639
Ford Torino (Wagon),0.15,1,0.771428571,0.665217391,0.784824903,0.443548387,0.853658537,0.15
Ford Torino 500,0.407725322,0.75,0.549450549,0.382608696,0.642412451,0.625,0.865853659,0.407725322
Ford Torino,0.364806867,1,0.663736264,0.608695652,0.671011673,0.423387097,0.853658537,0.364806867
Hi 1200D,0.193133047,1,0.668131868,0.839130435,0.920622568,0.745967742,0.853658537,0.193133047
Honda Accord CVCC,0.675965665,0.5,0.215384615,0.295652174,0.397859922,0.745967742,0.93902439,0.675965665
Honda Accord LX,0.63304721,0.5,0.215384615,0.295652174,0.41536965,0.669354839,0.951219512,0.63304721
Honda Accord,0.69527897,0.5,0.235164835,0.313043478,0.445525292,0.685483871,0.975609756,0.69527897
Honda Accord,0.772532189,0.5,0.235164835,0.326086957,0.428988327,0.584677419,1,0.772532189
Honda Civic (Auto),0.686695279,0.5,0.2,0.291304348,0.38229572,0.633064516,1,0.686695279
Honda Civic 1300,0.753218884,0.5,0.178021978,0.260869565,0.342412451,0.649193548,0.987804878,0.753218884
Honda Civic 1500 GL,0.957081545,0.5,0.2,0.291304348,0.359922179,0.556451613,0.975609756,0.957081545
Honda Civic CVCC,0.708154506,0.5,0.2,0.230434783,0.34922179,0.705645161,0.914634146,0.708154506
Honda Civic CVCC,0.774678112,0.5,0.2,0.260869565,0.350194553,0.661290323,0.951219512,0.774678112
Honda Civic,0.515021459,0.5,0.263736264,0.42173913,0.484241245,0.60483871,0.902439024,0.515021459
Honda Civic,0.708154506,0.5,0.2,0.230434783,0.34922179,0.701612903,0.926829268,0.708154506
Honda Civic,0.815450644,0.5,0.2,0.291304348,0.38229572,0.60483871,1,0.815450644
Honda Prelude,0.723175966,0.5,0.235164835,0.326086957,0.429961089,0.580645161,0.987804878,0.723175966
Maxda GLC Deluxe,0.731759657,0.5,0.189010989,0.282608696,0.384241245,0.612903226,0.963414634,0.731759657
Maxda RX-3,0.386266094,0.375,0.153846154,0.391304348,0.413229572,0.544354839,0.890243902,0.386266094
Mazda 626,0.67167382,0.5,0.263736264,0.326086957,0.494552529,0.705645161,0.975609756,0.67167382
Mazda 626,0.678111588,0.5,0.263736264,0.32173913,0.512645914,0.737903226,0.987804878,0.678111588
Mazda GLC 4,0.731759657,0.5,0.2,0.295652174,0.38618677,0.64516129,0.987804878,0.731759657
Mazda GLC Custom L,0.793991416,0.5,0.2,0.295652174,0.393968872,0.733870968,1,0.793991416
Mazda GLC Custom,0.665236052,0.5,0.2,0.295652174,0.383268482,0.709677419,1,0.665236052
Mazda GLC Deluxe,0.703862661,0.5,0.171428571,0.226086957,0.38618677,0.782258065,0.951219512,0.703862661
Mazda GLC,1,0.5,0.189010989,0.282608696,0.410505837,0.721774194,0.975609756,1
Mazda RX-2 Coupe,0.407725322,0.375,0.153846154,0.42173913,0.453307393,0.544354839,0.87804878,0.407725322
Mazda RX-4,0.461373391,0.375,0.175824176,0.47826087,0.529182879,0.544354839,0.93902439,0.461373391
Mazda RX-7 Gs,0.508583691,0.375,0.153846154,0.434782609,0.470817121,0.504032258,0.975609756,0.508583691
Mercedes-Benz 240D,0.643776824,0.5,0.320879121,0.291304348,0.63229572,0.879032258,0.975609756,0.643776824
Mercedes-Benz 280S,0.354077253,0.75,0.369230769,0.52173913,0.743190661,0.673387097,0.926829268,0.354077253
Mercedes-Benz 300D,0.545064378,0.625,0.402197802,0.334782609,0.686770428,0.810483871,0.963414634,0.545064378
Mercury Capri 2000,0.493562232,0.5,0.268131868,0.373913043,0.431906615,0.564516129,0.865853659,0.493562232
Mercury Capri V6,0.450643777,0.75,0.340659341,0.465217391,0.480933852,0.564516129,0.890243902,0.450643777
Mercury Cougar Brougham,0.321888412,1,0.663736264,0.565217391,0.835603113,0.600806452,0.93902439,0.321888412
Mercury Grand Marquis,0.354077253,1,0.771428571,0.6,0.769455253,0.532258065,0.963414634,0.354077253
Mercury Lynx L,0.772532189,0.5,0.215384615,0.304347826,0.413424125,0.697580645,1,0.772532189
Mercury Marquis Brougham,0.25751073,1,0.942857143,0.860869565,0.963424125,0.463709677,0.890243902,0.25751073
Mercury Marquis,0.236051502,1,0.942857143,0.904347826,0.901361868,0.443548387,0.87804878,0.236051502
Mercury Monarch Ghia,0.433476395,1,0.663736264,0.604347826,0.694552529,0.516129032,0.951219512,0.433476395
Mercury Monarch,0.321888412,0.75,0.549450549,0.313043478,0.66770428,0.846774194,0.914634146,0.321888412
Mercury Zephyr 6,0.424892704,0.75,0.43956044,0.369565217,0.581712062,0.733870968,0.963414634,0.424892704
Mercury Zephyr,0.446351931,0.75,0.43956044,0.369565217,0.597276265,0.673387097,0.951219512,0.446351931
Nissan Stanza XE,0.772532189,0.5,0.263736264,0.382608696,0.420233463,0.584677419,1,0.772532189
Oldsmobile Cutlass Ciera (Diesel),0.815450644,0.75,0.575824176,0.369565217,0.586575875,0.685483871,1,0.815450644
Oldsmobile Cutlass LS,0.570815451,1,0.769230769,0.456521739,0.724708171,0.766129032,0.987804878,0.570815451
Oldsmobile Cutlass Salon Brougham,0.427038627,1,0.571428571,0.47826087,0.654669261,0.625,0.951219512,0.427038627
Oldsmobile Cutlass Salon Brougham,0.512875536,1,0.571428571,0.391304348,0.66536965,0.89516129,0.963414634,0.512875536
Oldsmobile Cutlass Supreme,0.364806867,1,0.571428571,0.47826087,0.789883268,0.766129032,0.93902439,0.364806867
Oldsmobile Delta 88 Royale,0.25751073,1,0.769230769,0.695652174,0.86692607,0.544354839,0.87804878,0.25751073
Oldsmobile Omega Brougham,0.575107296,0.75,0.38021978,0.5,0.525291829,0.52016129,0.963414634,0.575107296
Oldsmobile Omega,0.236051502,1,0.769230769,0.782608696,0.712840467,0.443548387,0.890243902,0.236051502
Oldsmobile Starfire SX,0.510729614,0.5,0.331868132,0.369565217,0.555447471,0.709677419,0.951219512,0.510729614
Oldsmobile Vista Cruiser,0.25751073,1,0.769230769,0.782608696,0.875291829,0.504032258,0.890243902,0.25751073
Opel 1900,0.536480687,0.5,0.254945055,0.352173913,0.431906615,0.681451613,0.926829268,0.536480687
Opel 1900,0.600858369,0.5,0.254945055,0.391304348,0.413035019,0.564516129,0.865853659,0.600858369
Opel Manta,0.515021459,0.5,0.254945055,0.326086957,0.419844358,0.625,0.890243902,0.515021459
Opel Manta,0.557939914,0.5,0.213186813,0.339130435,0.447470817,0.584677419,0.902439024,0.557939914
Peugeot 304,0.643776824,0.5,0.173626374,0.304347826,0.403501946,0.786290323,0.865853659,0.643776824
Peugeot 504 (Wagon),0.450643777,0.5,0.263736264,0.37826087,0.579571984,0.786290323,0.87804878,0.450643777
Peugeot 504,0.407725322,0.5,0.263736264,0.382608696,0.63618677,0.883064516,0.926829268,0.407725322
Peugeot 504,0.493562232,0.5,0.263736264,0.382608696,0.575291829,0.685483871,0.914634146,0.493562232
Peugeot 504,0.536480687,0.5,0.241758242,0.37826087,0.519844358,0.705645161,0.853658537,0.536480687
Peugeot 504,0.583690987,0.5,0.30989011,0.308695652,0.620622568,1,0.963414634,0.583690987
Peugeot 505S Turbo Diesel,0.603004292,0.5,0.30989011,0.347826087,0.628404669,0.822580645,0.987804878,0.603004292
Peugeot 604SL,0.347639485,0.75,0.358241758,0.57826087,0.663424125,0.637096774,0.951219512,0.347639485
Plymouth Arrow GS,0.5472103,0.5,0.268131868,0.417391304,0.447470817,0.625,0.93902439,0.5472103
Plymouth Barracuda 340,0.300429185,1,0.747252747,0.695652174,0.702140078,0.322580645,0.853658537,0.300429185
Plymouth Champ,0.836909871,0.5,0.189010989,0.27826087,0.364785992,0.661290323,0.987804878,0.836909871
Plymouth Cricket,0.557939914,0.5,0.2,0.304347826,0.380350195,0.826612903,0.865853659,0.557939914
Plymouth Custom Suburb,0.278969957,1,0.791208791,0.739130435,0.905447471,0.524193548,0.890243902,0.278969957
Plymouth Duster,0.429184549,0.75,0.435164835,0.413043478,0.603501946,0.665322581,0.902439024,0.429184549
Plymouth Duster,0.472103004,0.75,0.435164835,0.413043478,0.551167315,0.625,0.853658537,0.472103004
Plymouth Duster,0.493562232,0.75,0.435164835,0.413043478,0.564980545,0.64516129,0.890243902,0.493562232
Plymouth Fury Gran Sedan,0.300429185,1,0.698901099,0.652173913,0.824319066,0.584677419,0.890243902,0.300429185
Plymouth Fury III,0.300429185,1,0.698901099,0.652173913,0.79688716,0.524193548,0.865853659,0.300429185
Plymouth Fury III,0.300429185,1,0.967032967,0.934782609,0.838910506,0.342741935,0.853658537,0.300429185
Plymouth Fury III,0.321888412,1,0.698901099,0.652173913,0.804474708,0.544354839,0.87804878,0.321888412
Plymouth Fury,0.386266094,0.75,0.494505495,0.413043478,0.736381323,0.766129032,0.914634146,0.386266094
Plymouth Grand Fury,0.343347639,1,0.698901099,0.652173913,0.875097276,0.584677419,0.914634146,0.343347639
Plymouth Horizon 4,0.744635193,0.5,0.230769231,0.273913043,0.430933852,0.600806452,0.987804878,0.744635193
Plymouth Horizon Miser,0.815450644,0.5,0.230769231,0.273913043,0.413424125,0.592741935,1,0.815450644
Plymouth Horizon TC3,0.740343348,0.5,0.230769231,0.304347826,0.418287938,0.600806452,0.963414634,0.740343348
Plymouth Horizon,0.733905579,0.5,0.230769231,0.304347826,0.428015564,0.532258065,0.963414634,0.733905579
Plymouth Reliant,0.583690987,0.5,0.296703297,0.365217391,0.484435798,0.633064516,0.987804878,0.583690987
Plymouth Reliant,0.643776824,0.5,0.296703297,0.365217391,0.464007782,0.52016129,0.987804878,0.643776824
Plymouth Sapporo,0.497854077,0.5,0.342857143,0.456521739,0.534046693,0.673387097,0.951219512,0.497854077
Plymouth Satellite (Wagon),0.15,1,0.841758242,0.760869565,0.810505837,0.423387097,0.853658537,0.15
Plymouth Satellite Custom (Wagon),0.300429185,1,0.698901099,0.652173913,0.793190661,0.564516129,0.87804878,0.300429185
Plymouth Satellite Custom,0.343347639,0.75,0.494505495,0.456521739,0.669066148,0.625,0.865853659,0.343347639
Plymouth Satellite Sebring,0.386266094,0.75,0.494505495,0.456521739,0.702918288,0.665322581,0.902439024,0.386266094
Plymouth Satellite,0.386266094,1,0.698901099,0.652173913,0.66848249,0.443548387,0.853658537,0.386266094
Plymouth Valiant Custom,0.407725322,0.75,0.494505495,0.413043478,0.635019455,0.64516129,0.914634146,0.407725322
Plymouth Valiant,0.386266094,0.75,0.494505495,0.456521739,0.607198444,0.665322581,0.890243902,0.386266094
Plymouth Valiant,0.472103004,0.75,0.494505495,0.434782609,0.628988327,0.620967742,0.926829268,0.472103004
Plymouth Volare Custom,0.407725322,0.75,0.494505495,0.434782609,0.706225681,0.713709677,0.93902439,0.407725322
Plymouth Volare Premier V8,0.278969957,1,0.698901099,0.652173913,0.766536965,0.532258065,0.926829268,0.278969957
Plymouth Volare,0.439914163,0.75,0.494505495,0.434782609,0.667315175,0.693548387,0.951219512,0.439914163
Pontiac Astro,0.493562232,0.5,0.307692308,0.339130435,0.504280156,0.745967742,0.914634146,0.493562232
Pontiac Catalina Brougham,0.300429185,1,0.879120879,0.760869565,0.86848249,0.463709677,0.865853659,0.300429185
Pontiac Catalina,0.300429185,1,0.879120879,0.760869565,0.85311284,0.483870968,0.87804878,0.300429185
Pontiac Catalina,0.300429185,1,1,0.97826087,0.860894942,0.403225806,0.853658537,0.300429185
Pontiac Catalina,0.343347639,1,0.879120879,0.739130435,0.908171206,0.463709677,0.914634146,0.343347639
Pontiac Firebird,0.407725322,0.75,0.549450549,0.434782609,0.638521401,0.60483871,0.865853659,0.407725322
Pontiac Grand Prix Lj,0.343347639,1,0.879120879,0.782608696,0.821011673,0.447580645,0.93902439,0.343347639
Pontiac Grand Prix,0.343347639,1,0.879120879,1,0.83229572,0.383064516,0.890243902,0.343347639
Pontiac J2000 Se Hatchback,0.665236052,0.5,0.246153846,0.369565217,0.500972763,0.653225806,1,0.665236052
Pontiac Lemans V6,0.461373391,0.75,0.507692308,0.5,0.631322957,0.620967742,0.963414634,0.461373391
Pontiac Phoenix LJ,0.412017167,0.75,0.507692308,0.456521739,0.687743191,0.774193548,0.951219512,0.412017167
Pontiac Phoenix,0.579399142,0.5,0.331868132,0.391304348,0.532101167,0.725806452,1,0.579399142
Pontiac Phoenix,0.71888412,0.5,0.331868132,0.391304348,0.497276265,0.532258065,0.963414634,0.71888412
Pontiac Safari (Wagon),0.278969957,1,0.879120879,0.760869565,1,0.483870968,0.865853659,0.278969957
Pontiac Sunbird Coupe,0.525751073,0.5,0.331868132,0.382608696,0.53307393,0.64516129,0.93902439,0.525751073
Pontiac Ventura Sj,0.396995708,0.75,0.549450549,0.47826087,0.709143969,0.653225806,0.926829268,0.396995708
Renault 12 (Wagon),0.557939914,0.5,0.210989011,0.3,0.425875486,0.725806452,0.87804878,0.557939914
Renault 12TL,0.579399142,0.5,0.221978022,0.360869565,0.428404669,0.616935484,0.926829268,0.579399142
Renault 18I,0.740343348,0.5,0.21978022,0.15,0.451361868,0.637096774,0.987804878,0.740343348
Renault 5 Gtl,0.772532189,0.5,0.173626374,0.252173913,0.355058366,0.75,0.93902439,0.772532189
Renault Lecar Deluxe,0.877682403,0.5,0.186813187,0.15,0.357003891,0.697580645,0.975609756,0.877682403
Saab 900S,0.15,0.5,0.265934066,0.47826087,0.544747082,0.620967742,0.987804878,0.15
Saab 99E,0.536480687,0.5,0.228571429,0.413043478,0.462062257,0.705645161,0.853658537,0.536480687
Saab 99GLE,0.463519313,0.5,0.265934066,0.5,0.543774319,0.633064516,0.951219512,0.463519313
Saab 99LE,0.515021459,0.5,0.265934066,0.47826087,0.517509728,0.564516129,0.890243902,0.515021459
Saab 99LE,0.536480687,0.5,0.265934066,0.5,0.519649805,0.544354839,0.914634146,0.536480687
Subaru DL,0.643776824,0.5,0.213186813,0.291304348,0.38618677,0.661290323,0.93902439,0.643776824
Subaru DL,0.725321888,0.5,0.213186813,0.291304348,0.417315175,0.725806452,0.975609756,0.725321888
Subaru,0.557939914,0.5,0.237362637,0.404347826,0.465175097,0.625,0.902439024,0.557939914
Subaru,0.693133047,0.5,0.213186813,0.291304348,0.401750973,0.717741935,0.987804878,0.693133047
Toyota Carina,0.429184549,0.5,0.213186813,0.382608696,0.443385214,0.766129032,0.890243902,0.429184549
Toyota Celica GT Liftback,0.4527897,0.5,0.294505495,0.413043478,0.489299611,0.596774194,0.951219512,0.4527897
Toyota Celica GT,0.686695279,0.5,0.316483516,0.417391304,0.51848249,0.560483871,1,0.686695279
Toyota Corolla 1200,0.665236052,0.5,0.156043956,0.282608696,0.344941634,0.766129032,0.865853659,0.665236052
Toyota Corolla 1200,0.686695279,0.5,0.156043956,0.282608696,0.357198444,0.846774194,0.902439024,0.686695279
Toyota Corolla 1600 (Wagon),0.579399142,0.5,0.213186813,0.382608696,0.408560311,0.665322581,0.87804878,0.579399142
Toyota Corolla Liftback,0.557939914,0.5,0.213186813,0.326086957,0.440661479,0.733870968,0.93902439,0.557939914
Toyota Corolla Tercel,0.817596567,0.5,0.195604396,0.260869565,0.382879377,0.758064516,0.975609756,0.817596567
Toyota Corolla,0.600858369,0.5,0.213186813,0.326086957,0.4192607,0.661290323,0.926829268,0.600858369
Toyota Corolla,0.622317597,0.5,0.213186813,0.326086957,0.422373541,0.64516129,0.914634146,0.622317597
Toyota Corolla,0.690987124,0.5,0.237362637,0.326086957,0.440661479,0.612903226,0.975609756,0.690987124
Toyota Corolla,0.69527897,0.5,0.237362637,0.326086957,0.457198444,0.677419355,0.987804878,0.69527897
Toyota Corolla,0.729613734,0.5,0.237362637,0.304347826,0.436770428,0.681451613,1,0.729613734
Toyota Corona Hardtop,0.515021459,0.5,0.248351648,0.413043478,0.443190661,0.625,0.87804878,0.515021459
Toyota Corona Liftback,0.639484979,0.5,0.294505495,0.391304348,0.527431907,0.625,0.975609756,0.639484979
Toyota Corona Mark II,0.515021459,0.5,0.248351648,0.413043478,0.461478599,0.60483871,0.853658537,0.515021459
Toyota Corona,0.515021459,0.5,0.294505495,0.417391304,0.525680934,0.544354839,0.914634146,0.515021459
Toyota Corona,0.536480687,0.5,0.248351648,0.413043478,0.433463035,0.564516129,0.865853659,0.536480687
Toyota Corona,0.590128755,0.5,0.294505495,0.413043478,0.498054475,0.572580645,0.951219512,0.590128755
Toyota Corona,0.665236052,0.5,0.167032967,0.226086957,0.320817121,0.665322581,0.902439024,0.665236052
Toyota Cressida,0.545064378,0.75,0.369230769,0.504347826,0.564202335,0.508064516,0.987804878,0.545064378
Toyota Mark II,0.407725322,0.75,0.342857143,0.469565217,0.570038911,0.625,0.926829268,0.407725322
Toyota Mark II,0.429184549,0.75,0.342857143,0.530434783,0.546108949,0.544354839,0.890243902,0.429184549
Toyota Starlet,0.839055794,0.5,0.173626374,0.252173913,0.341439689,0.681451613,0.987804878,0.839055794
Toyota Tercel,0.809012876,0.5,0.195604396,0.269565217,0.398832685,0.697580645,0.987804878,0.809012876
Toyouta Corona Mark II (Wagon),0.493562232,0.5,0.263736264,0.42173913,0.487548638,0.584677419,0.87804878,0.493562232
Triumph TR7 Coupe,0.751072961,0.5,0.268131868,0.382608696,0.486381323,0.608870968,0.975609756,0.751072961
Vokswagen Rabbit,0.639484979,0.5,0.195604396,0.269565217,0.358949416,0.616935484,0.975609756,0.639484979
Volkswagen 1131 Deluxe Sedan,0.557939914,0.5,0.213186813,0.2,0.357003891,0.826612903,0.853658537,0.557939914
Volkswagen 411 (Wagon),0.472103004,0.5,0.265934066,0.330434783,0.488521401,0.725806452,0.87804878,0.472103004
Volkswagen Dasher (Diesel),0.931330472,0.5,0.197802198,0.208695652,0.454280156,0.955645161,0.975609756,0.931330472
Volkswagen Dasher,0.536480687,0.5,0.197802198,0.308695652,0.432490272,0.665322581,0.914634146,0.536480687
Volkswagen Dasher,0.557939914,0.5,0.173626374,0.291304348,0.381906615,0.625,0.902439024,0.557939914
Volkswagen Dasher,0.654506438,0.5,0.213186813,0.339130435,0.426070039,0.568548387,0.93902439,0.654506438
Volkswagen Jetta,0.708154506,0.5,0.230769231,0.32173913,0.426070039,0.572580645,0.987804878,0.708154506
Volkswagen Model 111,0.579399142,0.5,0.213186813,0.260869565,0.356809339,0.766129032,0.865853659,0.579399142
Volkswagen Pickup,0.944206009,0.5,0.213186813,0.226086957,0.414396887,0.991935484,1,0.944206009
Volkswagen Rabbit C (Diesel),0.950643777,0.5,0.197802198,0.208695652,0.405642023,0.875,0.975609756,0.950643777
Volkswagen Rabbit Custom Diesel,0.924892704,0.5,0.197802198,0.208695652,0.38618677,0.866935484,0.951219512,0.924892704
Volkswagen Rabbit Custom,0.622317597,0.5,0.213186813,0.339130435,0.377431907,0.584677419,0.93902439,0.622317597
Volkswagen Rabbit Custom,0.684549356,0.5,0.195604396,0.308695652,0.374513619,0.564516129,0.963414634,0.684549356
Volkswagen Rabbit L,0.772532189,0.5,0.230769231,0.32173913,0.385214008,0.616935484,1,0.772532189
Volkswagen Rabbit,0.622317597,0.5,0.197802198,0.304347826,0.376848249,0.564516129,0.914634146,0.622317597
Volkswagen Rabbit,0.622317597,0.5,0.197802198,0.304347826,0.376848249,0.572580645,0.926829268,0.622317597
Volkswagen Rabbit,0.63304721,0.5,0.213186813,0.308695652,0.355058366,0.491935484,0.926829268,0.63304721
Volkswagen Rabbit,0.89055794,0.5,0.215384615,0.330434783,0.417120623,0.592741935,0.975609756,0.89055794
Volkswagen Scirocco,0.675965665,0.5,0.195604396,0.308695652,0.387159533,0.600806452,0.951219512,0.675965665
Volkswagen Super Beetle 117,0.15,0.5,0.213186813,0.208695652,0.384824903,0.806451613,0.865853659,0.15
Volkswagen Super Beetle,0.557939914,0.5,0.213186813,0.2,0.379377432,0.846774194,0.890243902,0.557939914
Volkswagen Type 3,0.493562232,0.5,0.213186813,0.234782609,0.438521401,0.947580645,0.87804878,0.493562232
Volvo 144EA,0.407725322,0.5,0.265934066,0.486956522,0.557976654,0.625,0.890243902,0.407725322
Volvo 145E (Wagon),0.386266094,0.5,0.265934066,0.486956522,0.570622568,0.584677419,0.87804878,0.386266094
Volvo 244DL,0.472103004,0.5,0.265934066,0.426086957,0.572957198,0.584677419,0.914634146,0.472103004
Volvo 245,0.429184549,0.5,0.285714286,0.443478261,0.612840467,0.633064516,0.926829268,0.429184549
Volvo 264GL,0.364806867,0.75,0.358241758,0.543478261,0.610894942,0.548387097,0.951219512,0.364806867
Volvo Diesel,0.658798283,0.75,0.318681319,0.330434783,0.614785992,0.790322581,0.987804878,0.658798283
